deltaE,probe,matchedHex,isBackground,sharePercent,memberBins,labDistanceToProbe
4,"background (deltaE=14 anchor)",#c8bba7,true,10.5273,2,0.97
4,"highlight/cream",#ded2c2,false,17.7534,25,7.17
4,"ink-dark",#2e1e11,false,2.2543,14,0.00
4,"ink-mid",#4e3b2c,false,5.7252,17,0.00
4,"blue-accent",#4e5c6d,false,0.1726,12,0.00
4,"green-accent",#6c7e6a,false,0.1388,14,0.00
4,"gray-accent",#757b7d,false,0.1835,14,0.00
4.5,"background (deltaE=14 anchor)",#c6b9a6,true,14.2118,5,1.15
4.5,"highlight/cream",#e4d8cb,false,8.4106,17,5.18
4.5,"ink-dark",#2e1e11,false,2.2543,14,0.00
4.5,"ink-mid",#4e3b2c,false,5.7252,17,0.00
4.5,"blue-accent",#4e5c6d,false,0.1726,12,0.00
4.5,"green-accent",#6c7e6a,false,0.1388,14,0.00
4.5,"gray-accent",#757b7d,false,0.1835,14,0.00
5,"background (deltaE=14 anchor)",#c7baa8,true,16.6579,6,1.71
5,"highlight/cream",#e3d7cb,false,8.9935,21,5.65
5,"ink-dark",#2e1e11,false,2.2543,14,0.00
5,"ink-mid",#4e3b2c,false,5.7252,17,0.00
5,"blue-accent",#4e5c6d,false,0.1726,12,0.00
5,"green-accent",#6c7e6a,false,0.1388,14,0.00
5,"gray-accent",#757b7d,false,0.1835,14,0.00
5.5,"background (deltaE=14 anchor)",#c7b9a4,true,23.4554,7,0.00
5.5,"highlight/cream",#e3d7cb,false,8.9935,21,5.65
5.5,"ink-dark",#2e1e11,false,2.2543,14,0.00
5.5,"ink-mid",#4e3b2c,false,5.7252,17,0.00
5.5,"blue-accent",#4e5c6d,false,0.1726,12,0.00
5.5,"green-accent",#6c7e6a,false,0.1388,14,0.00
5.5,"gray-accent",#757b7d,false,0.1835,14,0.00
6,"background (deltaE=14 anchor)",#c7b9a5,true,39.3690,12,0.53
6,"highlight/cream",#e3d7cb,false,8.9935,21,5.65
6,"ink-dark",#2e1e11,false,2.2543,14,0.00
6,"ink-mid",#4e3b2c,false,5.7252,17,0.00
6,"blue-accent",#4e5c6d,false,0.1726,12,0.00
6,"green-accent",#6c7e6a,false,0.1388,14,0.00
6,"gray-accent",#757b7d,false,0.1835,14,0.00
6.5,"background (deltaE=14 anchor)",#c8baa5,true,43.4966,14,0.37
6.5,"highlight/cream",#e2d7cc,false,8.4362,18,5.94
6.5,"ink-dark",#2e1e11,false,2.2543,14,0.00
6.5,"ink-mid",#4e3b2c,false,5.7252,17,0.00
6.5,"blue-accent",#4e5c6d,false,0.1726,12,0.00
6.5,"green-accent",#6c7e6a,false,0.1388,14,0.00
6.5,"gray-accent",#757b7d,false,0.1835,14,0.00
7,"background (deltaE=14 anchor)",#c8baa5,true,44.3690,15,0.37
7,"highlight/cream",#e4d7c8,false,10.7061,20,5.29
7,"ink-dark",#2e1e11,false,2.2543,14,0.00
7,"ink-mid",#4e3b2c,false,5.7252,17,0.00
7,"blue-accent",#4e5c6d,false,0.1726,12,0.00
7,"green-accent",#6c7e6a,false,0.1388,14,0.00
7,"gray-accent",#757b7d,false,0.1835,14,0.00
7.5,"background (deltaE=14 anchor)",#c8baa5,true,44.3690,15,0.37
7.5,"highlight/cream",#e4d7c8,false,10.7061,20,5.29
7.5,"ink-dark",#2e1e11,false,2.2543,14,0.00
7.5,"ink-mid",#4e3b2c,false,5.7252,17,0.00
7.5,"blue-accent",#4e5c6d,false,0.1726,12,0.00
7.5,"green-accent",#6c7e6a,false,0.1388,14,0.00
7.5,"gray-accent",#757b7d,false,0.1835,14,0.00
8,"background (deltaE=14 anchor)",#c8baa5,true,44.3690,15,0.37
8,"highlight/cream",#e4d7c8,false,10.7061,20,5.29
8,"ink-dark",#2e1e11,false,2.2543,14,0.00
8,"ink-mid",#4e3b2c,false,5.7252,17,0.00
8,"blue-accent",#4e5c6d,false,0.1726,12,0.00
8,"green-accent",#6c7e6a,false,0.1388,14,0.00
8,"gray-accent",#757b7d,false,0.1835,14,0.00
8.5,"background (deltaE=14 anchor)",#c8baa6,true,44.6465,16,0.67
8.5,"highlight/cream",#e3d7c8,false,11.0114,23,5.38
8.5,"ink-dark",#2e1e11,false,2.2543,14,0.00
8.5,"ink-mid",#4e3b2c,false,5.7252,17,0.00
8.5,"blue-accent",#4e5c6d,false,0.1726,12,0.00
8.5,"green-accent",#6c7e6a,false,0.1388,14,0.00
8.5,"gray-accent",#757b7d,false,0.1835,14,0.00
9,"background (deltaE=14 anchor)",#c8baa6,true,45.8270,18,0.67
9,"highlight/cream",#e3d7c9,false,10.4203,22,5.42
9,"ink-dark",#2e1e11,false,2.2543,14,0.00
9,"ink-mid",#4e3b2c,false,5.7252,17,0.00
9,"blue-accent",#4e5c6d,false,0.1726,12,0.00
9,"green-accent",#6c7e6a,false,0.1388,14,0.00
9,"gray-accent",#7d7e7a,false,0.2892,16,4.21
9.5,"background (deltaE=14 anchor)",#c6b8a3,true,54.6567,23,0.37
9.5,"highlight/cream",#e6d9ca,false,8.6169,21,4.59
9.5,"ink-dark",#2e1e11,false,2.2543,14,0.00
9.5,"ink-mid",#4e3b2c,false,5.7252,17,0.00
9.5,"blue-accent",#586571,false,0.2811,22,4.82
9.5,"green-accent",#6c7e6a,false,0.1388,14,0.00
9.5,"gray-accent",#586571,false,0.2811,22,11.18
10,"background (deltaE=14 anchor)",#c7b9a4,true,56.8681,26,0.00
10,"highlight/cream",#e8dbcb,false,7.1926,19,3.88
10,"ink-dark",#2e1e11,false,2.2543,14,0.00
10,"ink-mid",#4e3b2c,false,5.7252,17,0.00
10,"blue-accent",#586571,false,0.2811,22,4.82
10,"green-accent",#6c7e6a,false,0.1388,14,0.00
10,"gray-accent",#586571,false,0.2811,22,11.18
10.5,"background (deltaE=14 anchor)",#c7b9a4,true,57.2155,28,0.00
10.5,"highlight/cream",#e9dccb,false,6.8907,18,3.60
10.5,"ink-dark",#2e1e11,false,2.2543,14,0.00
10.5,"ink-mid",#4e3b2c,false,5.7252,17,0.00
10.5,"blue-accent",#586571,false,0.2811,22,4.82
10.5,"green-accent",#6c7e6a,false,0.1388,14,0.00
10.5,"gray-accent",#586571,false,0.2811,22,11.18
11,"background (deltaE=14 anchor)",#c7b9a4,true,60.1851,31,0.00
11,"highlight/cream",#eadecf,false,5.4639,17,2.93
11,"ink-dark",#2e1e11,false,2.2543,14,0.00
11,"ink-mid",#4e3b2c,false,5.7252,17,0.00
11,"blue-accent",#586571,false,0.2811,22,4.82
11,"green-accent",#6c7e6a,false,0.1388,14,0.00
11,"gray-accent",#586571,false,0.2811,22,11.18
11.5,"background (deltaE=14 anchor)",#c8baa5,true,63.8036,38,0.37
11.5,"highlight/cream",#ede2d6,false,3.0793,17,2.63
11.5,"ink-dark",#2e1e11,false,2.2543,14,0.00
11.5,"ink-mid",#4e3b2c,false,5.7252,17,0.00
11.5,"blue-accent",#4e5c6d,false,0.1726,12,0.00
11.5,"green-accent",#6c7e6a,false,0.1388,14,0.00
11.5,"gray-accent",#757b7d,false,0.1835,14,0.00
12,"background (deltaE=14 anchor)",#c7b8a3,true,66.8146,42,0.49
12,"highlight/cream",#ede2d6,false,3.0793,17,2.63
12,"ink-dark",#2e1e11,false,2.2543,14,0.00
12,"ink-mid",#4e3b2c,false,5.7252,17,0.00
12,"blue-accent",#4e5c6d,false,0.1726,12,0.00
12,"green-accent",#6c7e6a,false,0.1388,14,0.00
12,"gray-accent",#757b7d,false,0.1835,14,0.00
12.5,"background (deltaE=14 anchor)",#c7b8a3,true,66.8336,43,0.49
12.5,"highlight/cream",#eee2d6,false,3.0557,15,2.50
12.5,"ink-dark",#2e1e11,false,2.2543,14,0.00
12.5,"ink-mid",#4e3b2c,false,5.7252,17,0.00
12.5,"blue-accent",#4e5c6d,false,0.1726,12,0.00
12.5,"green-accent",#6c7e6a,false,0.1388,14,0.00
12.5,"gray-accent",#8b877f,false,0.5286,20,8.70
13,"background (deltaE=14 anchor)",#c7b8a3,true,66.8382,44,0.49
13,"highlight/cream",#eee2d6,false,3.0557,15,2.50
13,"ink-dark",#2e1e11,false,2.2543,14,0.00
13,"ink-mid",#4e3b2c,false,5.7252,17,0.00
13,"blue-accent",#4e5c6d,false,0.1726,12,0.00
13,"green-accent",#6c7e6a,false,0.1388,14,0.00
13,"gray-accent",#757b7d,false,0.1835,14,0.00
13.5,"background (deltaE=14 anchor)",#c7b9a3,true,66.9139,45,0.53
13.5,"highlight/cream",#eee2d5,false,3.1574,19,2.11
13.5,"ink-dark",#2e1e11,false,2.2543,14,0.00
13.5,"ink-mid",#4e3b2c,false,5.7252,17,0.00
13.5,"blue-accent",#4e5c6d,false,0.1726,12,0.00
13.5,"green-accent",#6c7e6a,false,0.1388,14,0.00
13.5,"gray-accent",#757b7d,false,0.1835,14,0.00
14,"background (deltaE=14 anchor)",#c7b9a4,true,68.0201,49,0.00
14,"highlight/cream",#f3e6d6,false,2.0859,16,0.00
14,"ink-dark",#2e1e11,false,2.2543,14,0.00
14,"ink-mid",#4e3b2c,false,5.7252,17,0.00
14,"blue-accent",#4e5c6d,false,0.1726,12,0.00
14,"green-accent",#6c7e6a,false,0.1388,14,0.00
14,"gray-accent",#757b7d,false,0.1835,14,0.00
14.5,"background (deltaE=14 anchor)",#c7b9a4,true,68.7540,51,0.00
14.5,"highlight/cream",#f3e6d6,false,1.9347,15,0.00
14.5,"ink-dark",#2e1e11,false,2.2543,14,0.00
14.5,"ink-mid",#4e3b2c,false,5.7252,17,0.00
14.5,"blue-accent",#4e5c6d,false,0.1726,12,0.00
14.5,"green-accent",#6c7e6a,false,0.1388,14,0.00
14.5,"gray-accent",#757b7d,false,0.1835,14,0.00
15,"background (deltaE=14 anchor)",#c5b7a1,true,73.6107,59,0.94
15,"highlight/cream",#f4e8d8,false,1.8079,10,0.73
15,"ink-dark",#2e1e11,false,2.2543,14,0.00
15,"ink-mid",#4e3b2c,false,5.7252,17,0.00
15,"blue-accent",#4e5c6d,false,0.1726,12,0.00
15,"green-accent",#6a7c69,false,0.1332,13,0.94
15,"gray-accent",#757b7d,false,0.1835,14,0.00
15.5,"background (deltaE=14 anchor)",#c6b7a1,true,74.0828,62,0.97
15.5,"highlight/cream",#f6e9d9,false,1.4116,9,1.05
15.5,"ink-dark",#2e1e11,false,2.2543,14,0.00
15.5,"ink-mid",#4e3b2c,false,5.7252,17,0.00
15.5,"blue-accent",#4e5c6d,false,0.1726,12,0.00
15.5,"green-accent",#6a7c69,false,0.1332,13,0.94
15.5,"gray-accent",#757b7d,false,0.1835,14,0.00
16,"background (deltaE=14 anchor)",#c6b7a1,true,74.7246,66,0.97
16,"highlight/cream",#f6ebdd,false,1.0965,9,2.10
16,"ink-dark",#2e1e11,false,2.2543,14,0.00
16,"ink-mid",#4e3b2c,false,5.7252,17,0.00
16,"blue-accent",#4e5c6d,false,0.1726,12,0.00
16,"green-accent",#6a7c69,false,0.1332,13,0.94
16,"gray-accent",#757b7d,false,0.1835,14,0.00
16.5,"background (deltaE=14 anchor)",#c6b7a1,true,74.7246,66,0.97
16.5,"highlight/cream",#f6ebdd,false,1.0965,9,2.10
16.5,"ink-dark",#2e1e11,false,2.2543,14,0.00
16.5,"ink-mid",#4e3b2c,false,5.7252,17,0.00
16.5,"blue-accent",#4e5c6d,false,0.1726,12,0.00
16.5,"green-accent",#6a7c69,false,0.1332,13,0.94
16.5,"gray-accent",#757b7d,false,0.1835,14,0.00
17,"background (deltaE=14 anchor)",#c6b7a2,true,75.7097,68,0.77
17,"highlight/cream",#f7eee3,false,0.5398,8,4.00
17,"ink-dark",#2e1e11,false,2.2543,14,0.00
17,"ink-mid",#4e3b2c,false,5.7252,17,0.00
17,"blue-accent",#4e5c6d,false,0.1726,12,0.00
17,"green-accent",#6a7c69,false,0.1332,13,0.94
17,"gray-accent",#757b7d,false,0.1835,14,0.00
17.5,"background (deltaE=14 anchor)",#c6b7a1,true,75.9298,71,0.97
17.5,"highlight/cream",#f7eee3,false,0.5398,8,4.00
17.5,"ink-dark",#2e1e11,false,2.2543,14,0.00
17.5,"ink-mid",#4e3b2c,false,5.7252,17,0.00
17.5,"blue-accent",#4e5c6d,false,0.1726,12,0.00
17.5,"green-accent",#6a7970,false,0.2460,24,6.69
17.5,"gray-accent",#6a7970,false,0.2460,24,7.70
18,"background (deltaE=14 anchor)",#c5b6a1,true,77.1415,74,1.10
18,"highlight/cream",#f7eee5,false,0.5174,6,4.76
18,"ink-dark",#2e1e11,false,2.2543,14,0.00
18,"ink-mid",#4e3b2c,false,5.7252,17,0.00
18,"blue-accent",#4e5c6d,false,0.1726,12,0.00
18,"green-accent",#748670,false,0.0771,9,3.25
18,"gray-accent",#767a74,false,0.3282,19,4.73
18.5,"background (deltaE=14 anchor)",#c5b6a1,true,77.2365,77,1.10
18.5,"highlight/cream",#faf1e5,false,0.4283,4,4.47
18.5,"ink-dark",#2e1e11,false,2.2543,14,0.00
18.5,"ink-mid",#4e3b2c,false,5.7252,17,0.00
18.5,"blue-accent",#4e5c6d,false,0.1726,12,0.00
18.5,"green-accent",#748670,false,0.0771,9,3.25
18.5,"gray-accent",#767a74,false,0.3282,19,4.73
19,"background (deltaE=14 anchor)",#c5b6a1,true,77.8843,81,1.10
19,"highlight/cream",#fdf5e5,false,0.2512,3,5.21
19,"ink-dark",#2e1e11,false,2.2543,14,0.00
19,"ink-mid",#4e3b2c,false,5.7252,17,0.00
19,"blue-accent",#4e5c6d,false,0.1726,12,0.00
19,"green-accent",#687b67,false,0.1258,12,1.33
19,"gray-accent",#7b7c78,false,0.2722,15,4.02
19.5,"background (deltaE=14 anchor)",#c5b6a1,true,77.9128,83,1.10
19.5,"highlight/cream",#fdf5e5,false,0.2512,3,5.21
19.5,"ink-dark",#2e1e11,false,2.2543,14,0.00
19.5,"ink-mid",#4e3b2c,false,5.7252,17,0.00
19.5,"blue-accent",#4e5c6d,false,0.1726,12,0.00
19.5,"green-accent",#687b67,false,0.1258,12,1.33
19.5,"gray-accent",#7b7c78,false,0.2722,15,4.02
20,"background (deltaE=14 anchor)",#c5b6a1,true,77.9212,84,1.10
20,"highlight/cream",#fdf5e5,false,0.2512,3,5.21
20,"ink-dark",#2e1e11,false,2.2543,14,0.00
20,"ink-mid",#4e3b2c,false,5.7252,17,0.00
20,"blue-accent",#4e5c6d,false,0.1726,12,0.00
20,"green-accent",#667966,false,0.1174,11,2.13
20,"gray-accent",#7b7c78,false,0.2722,15,4.02
20.5,"background (deltaE=14 anchor)",#c4b59f,true,80.6018,87,1.58
20.5,"highlight/cream",#fdf5ea,false,0.1841,2,5.94
20.5,"ink-dark",#2e1e11,false,2.2543,14,0.00
20.5,"ink-mid",#4e3b2c,false,5.7252,17,0.00
20.5,"blue-accent",#4e5c6d,false,0.1726,12,0.00
20.5,"green-accent",#667966,false,0.1174,11,2.13
20.5,"gray-accent",#7b7c78,false,0.2722,15,4.02
21,"background (deltaE=14 anchor)",#c4b59f,true,80.8984,90,1.58
21,"highlight/cream",#fdf5ea,false,0.1841,2,5.94
21,"ink-dark",#2e1e11,false,2.2543,14,0.00
21,"ink-mid",#4e3b2c,false,5.7252,17,0.00
21,"blue-accent",#4e5c6d,false,0.1726,12,0.00
21,"green-accent",#667966,false,0.1174,11,2.13
21,"gray-accent",#71787a,false,0.1665,13,1.33
21.5,"background (deltaE=14 anchor)",#c4b59f,true,81.0568,93,1.58
21.5,"highlight/cream",#fdf8f4,false,0.0364,1,9.12
21.5,"ink-dark",#2e1e11,false,2.2543,14,0.00
21.5,"ink-mid",#4e3b2c,false,5.7252,17,0.00
21.5,"blue-accent",#4e5c6d,false,0.1726,12,0.00
21.5,"green-accent",#667966,false,0.1174,11,2.13
21.5,"gray-accent",#707779,false,0.1621,12,1.71
22,"background (deltaE=14 anchor)",#c4b59f,true,81.1810,94,1.58
22,"highlight/cream",#fdf8f4,false,0.0364,1,9.12
22,"ink-dark",#24170d,false,1.1509,10,5.15
22,"ink-mid",#402e1f,false,3.7973,16,5.94
22,"blue-accent",#4e5c6d,false,0.1726,12,0.00
22,"green-accent",#647662,false,0.1328,13,3.18
22,"gray-accent",#707779,false,0.1621,12,1.71
22.5,"background (deltaE=14 anchor)",#c4b59f,true,81.1810,94,1.58
22.5,"highlight/cream",#fdf8f4,false,0.0364,1,9.12
22.5,"ink-dark",#24170d,false,1.1509,10,5.15
22.5,"ink-mid",#402e1f,false,3.7973,16,5.94
22.5,"blue-accent",#4e5c6d,false,0.1726,12,0.00
22.5,"green-accent",#647662,false,0.1328,13,3.18
22.5,"gray-accent",#707779,false,0.1621,12,1.71
23,"background (deltaE=14 anchor)",#c4b59f,true,81.2236,96,1.58
23,"highlight/cream",#fdf8f4,false,0.0364,1,9.12
23,"ink-dark",#24170d,false,1.1509,10,5.15
23,"ink-mid",#412e20,false,3.8219,18,5.80
23,"blue-accent",#4e5c6d,false,0.1726,12,0.00
23,"green-accent",#647662,false,0.1328,13,3.18
23,"gray-accent",#707779,false,0.1621,12,1.71
23.5,"background (deltaE=14 anchor)",#c4b59f,true,81.5587,99,1.58
23.5,"highlight/cream",#fdf8f4,false,0.0364,1,9.12
23.5,"ink-dark",#2e1e11,false,2.2543,14,0.00
23.5,"ink-mid",#4e3b2c,false,5.7252,17,0.00
23.5,"blue-accent",#4e5c6d,false,0.1726,12,0.00
23.5,"green-accent",#637561,false,0.1275,12,3.58
23.5,"gray-accent",#697377,false,0.1085,10,3.94
24,"background (deltaE=14 anchor)",#c4b59f,true,81.6612,103,1.58
24,"highlight/cream",#c4b59f,true,81.6612,103,17.94
24,"ink-dark",#2e1e11,false,2.2543,14,0.00
24,"ink-mid",#4e3b2c,false,5.7252,17,0.00
24,"blue-accent",#4e5c6d,false,0.1726,12,0.00
24,"green-accent",#637561,false,0.1275,12,3.58
24,"gray-accent",#6c7477,false,0.1313,11,3.07
24.5,"background (deltaE=14 anchor)",#c3b49e,true,82.5797,107,1.92
24.5,"highlight/cream",#c3b49e,true,82.5797,107,18.30
24.5,"ink-dark",#2e1e11,false,2.2543,14,0.00
24.5,"ink-mid",#4e3b2c,false,5.7252,17,0.00
24.5,"blue-accent",#596b7f,false,0.0876,9,6.27
24.5,"green-accent",#637662,false,0.0986,9,3.29
24.5,"gray-accent",#697273,false,0.1186,9,4.08
25,"background (deltaE=14 anchor)",#c3b49e,true,82.6160,110,1.92
25,"highlight/cream",#c3b49e,true,82.6160,110,18.30
25,"ink-dark",#2e1e11,false,2.2543,14,0.00
25,"ink-mid",#4e3b2c,false,5.7252,17,0.00
25,"blue-accent",#596b7f,false,0.0876,9,6.27
25,"green-accent",#637662,false,0.0986,9,3.29
25,"gray-accent",#697273,false,0.1186,9,4.08
25.5,"background (deltaE=14 anchor)",#c3b49e,true,82.8623,113,1.92
25.5,"highlight/cream",#c3b49e,true,82.8623,113,18.30
25.5,"ink-dark",#2e1e11,false,2.2543,14,0.00
25.5,"ink-mid",#4e3b2c,false,5.7252,17,0.00
25.5,"blue-accent",#596b7f,false,0.0876,9,6.27
25.5,"green-accent",#5e705d,false,0.1029,10,5.57
25.5,"gray-accent",#697273,false,0.1186,9,4.08
26,"background (deltaE=14 anchor)",#c3b39d,true,83.4799,117,2.31
26,"highlight/cream",#c3b39d,true,83.4799,117,18.61
26,"ink-dark",#2e1e11,false,2.2543,14,0.00
26,"ink-mid",#4e3b2c,false,5.7252,17,0.00
26,"blue-accent",#596b7f,false,0.0876,9,6.27
26,"green-accent",#5e705d,false,0.1029,10,5.57
26,"gray-accent",#687172,false,0.1103,8,4.46